texto,etiqueta
"Está situado en el centro de la ciudad , con todo lo más turístico a tu alrededor ( El Pilar , por ejemplo ) , y sitios para tomar algo .",positivo
"un lugar hermosisimo , inolvidable. hermosa atención · rescato el servicio , como asi también la calidez de su gente y el hermoso entorno natural. nunca olvidaremos este viaje. rescato el lugar , la p",positivo
Todo absolutamente recomendable .,positivo
El metro está a 50 metros bajando tan solo una calle .,positivo
Y de Toscana ... mejor que lo veais ... y además delo bonito que es Florencia y Siena ... perderos por sus pueblos ..,positivo
"El hotel esta bien , por el precio que pagas , buena ubicación cerca de la estación de trenes Santa Maria Novella ,",positivo
"Las habitaciones eran perfectas , están repartidas en diferentes casas .",positivo
El peor hotel de punta cana !,negativo
Nada caro para el lugar donde esta y las comodidades que ofrece .,positivo
Buena calidad / precico,positivo
"Fue una experiencia muy buena con el servicio , la verdad es que quede muy satisfecho , no pase mucho tiempo ya que solo estube dos noches en el , pero como ya he dicho a parte del servicio muy bueno ",positivo
"El acceso se hace por una esquina en la calle carmen , no en la misma puerta del sol , lo que te da una intimidad para acceder y evitar el bullicio de la gente en este lugar .",positivo
"Hotel Paris de Encamp , Andorra , barato y bueno",positivo
Finalizando su remodelación,positivo
"El desayuno no es gran cosa , y la comida no es del tipo casero .",negativo
El hotel Nh Eurobuilding es un de los grandes hoteles clásicos de Madrid .,positivo
"Las camas perfectas para un hotel de su categoría : grandes , cómodas ( también las almohadas ) y limpias .",positivo
Buena relacion calidad / precio .,positivo
"Reverve el hotel palladium punta cana y no me arrepiento , he pasado unas vacaciones estupendas , el personal de recepcion es muy prfesional , me atendieron muy bien , la comida del los restaurantes e",positivo
Este hotel engancha,positivo
Lamentable .. deja mucho que desear los servicios prestados con las estrellas que tienen .,negativo
"El desayuno podría ser mejor , principalmente el pan .",negativo
Somos de Ecuador.Estuvimos alojados en un bloque un poco alejado pero fue nuestra decisión y mejor que fue así ya que con la excelente comida que sirven lo mejor que puedes hacer luego de comer es cam,positivo
Le daría 5 de 5 estrellas .,positivo
Tiene gimnasio pero no lo utilicé .,positivo
Hotel con precios muy competitivos relación calidad / precio .,positivo
Fin de semana completo,positivo
"Al margen de experiencias y sensaciones que cada uno pueda tener , a mi me gustó mucho que en un hotel todo incluido que uno viaja para tratar de moverse lo menos posible , tengas muchas opciones dent",positivo
"El hotel se encuentra en la parte final de su remodelación , han cambiado los baños y en las habitaciones han integrado en el interior de la habitación los balcones que tenía este hotel .",positivo
"Se encuentra justo al lado de la estacion de trenes , y en frente de un estupendo centro comercial , para ir al cine en momentos de relax despues de haber hecho turismo por la preciosa ciudad .",positivo
"E hotel tiene unas instalaciones muy modernas incluida piscina en el último piso , de nueva construccion , está bien cuidado y muy limpio .",positivo
Una vez sales de la sala tienes una zona exclusiva con hamacas en cantidad suficiente para que no tengas problemas de ubicación .,positivo
Tiene una parada de autobus en la puerta que lleva directo al centro .,positivo
"La verdad es que el hotel estaba bastante bien , ya que las camas eran comodas , y en una ciudad como roma el hotel se usa solo para dormir .",positivo
Gente seria y responsable !,positivo
"Tienes a un paso y sin necesidad de transporte público , restaurantes , espectáculos , turismo urbano etc.",positivo
Un lugar de excelencia para nuestras vacaciones !,positivo
"Si vuelvo a Roma , me alojaré en este hotel y si me pregunta alguien , lo recomendaré .",positivo
El trato de los trabajadores del hotel es muy agradable y las habitaciones son bastante espaciosas .,positivo
Superó nuestras espectativas .,positivo
El desayuno el resto de los días genial el buffet .,positivo
Sorpresa enorme,positivo
El personal ha sido en todo momento muy amable .,positivo
Volveremos con toda seguridad el año que viene .,positivo
Multitud de bares y restaurante en los alrededores y vida nocturna .,positivo
La comida normalita .,negativo
"La habicación es muy buena y el precio es adecuado a la calidad , si bien sin ningún tipod e oferta no es barato .",positivo
Buen Hotel,positivo
Muy atentos,positivo
Estaba animado con ambientillo esquiador pero sin agobios .,positivo
Grande y potente .,positivo
"Cuando llegamos la puerta no funcionaba , conseguimos entrar , y se pusieron a arreglarla a la hora de la siesta .",negativo
"El hotel es precioso , las instalaciones amplias es decir cuartos amplios con aire acondicionado , friobar , terraza , camas queen , escritorio , pequeña sala .",positivo
Y para rematar una cena romántica .,positivo
Hemos quedado muy satisfechos con la relación calidad precio del hotel .,positivo
Todo lo necesario a media hora del centro .,positivo
"Bastante bien , estuve 4 días y si volviese a Milán , volvería sin duda a este hotel que recomiendo 100 %",positivo
"Yo estuve en este hotel hace un año con mi pareja ; la verdad que yo lo cogi por oferta y me quede muy satisfecha del ambiente , las instalaciones y el trato .",positivo
Tambié tienes un centro comercial al lado con un alcampo para poder comprar la comida alli y llevarla a tu estudio .,positivo
"Hotel ' macro ' con dos edificiones en cada lado de la calle , con un uso muy marcado por los clientes de negocios hace que la relación con el cliente carezca del nivel de personalización que se esper",negativo
Pasamos unos días en este maravilloso hotel de Madrid .,positivo
"El desayuno , como definirlo , ESPECTACULAR .",positivo
"Es de los hoteles más bonitos en los que he estado , todo verde con jardines preciosos .",positivo
Buen trato .,positivo
El personal es muy agradable .,positivo
"El Hotel es increible , bellisimo con unas instalaciones muy confortables y con un parque excepcional , super cuidado !",positivo
"Servicio Red Level de lujo con acceso a lounge con Moet Chandon , canapés , otras bebidas , prensa , etc. Un hotel muy muy recomendable con una situación magnífica .",positivo
Lo mismo con las sombrillas en la playa .,negativo
"Las personas de recepción , muy amables .",positivo
me encanto verlo todo eso .,positivo
"Buen camping , familiar , cuidado y con buenos servicios .",positivo
Encanto real,positivo
Tiene parada de bus Disney en la misma puerta del hotel y es gratuito .,positivo
Muy cómodo y economico,positivo
He tenido la ocasión de conocer la cadena Senator cuando viajé a Almería y la experiencia fue tan gratificante que tanto a mi familia como a mí se nos quedó grabado el nombre .,positivo
Una buena combinación,positivo
Lo peor del caso fue la actitud del personal del hotel .,negativo
Menú para celiacos acordado y controlado por la asociación .,positivo
"Destacar lo confortable de la habitación , y que tiene cadena radio / cd , mini · bar GRATIS ( sin bebidas alcohólicas ) y posibilidad de preparate café o te en la habitación también GRATIS .",positivo
El hotel está cerquita de la estación de Termini .,positivo
"Todo excelente , muy prolijo , la comida es realmente buena , el gazebo de la piscina tiene todo para satisfacer a los clientes !",positivo
Con suelo de madera en la habitación .,positivo
Buena relación calidad precio,positivo
Fuimos muy felices en el hotel,positivo
"Estuve en Marzo de 2004 , en marzo de 2006 y en marzo de 2010 pero una de ellas no la encontraban .... no importa , porque así y todo me dieron mi pulsera blanca de repetidor .",positivo
"En resumen , un acierto la estancia en este hotel , una excelente base de operaciones para visitar Barcelona en Navidad ( o el resto del año ) y de paso ver al Barça , si te gusta el futbol .",positivo
Tiene un restaurante buffet tanto para desayunos como para cenas ( estuve en media pensión ) con una gran variedad de comida ( un día tocaba comida china y otro día comida mexicana ) Para desayunar ta,positivo
"Muy buen hotel , recomendable y vamos a volver",positivo
También se encuentra un CVS muy próximo al hotel .,positivo
Jutito para ser un 4 estrellas,negativo
Está situado a 15 minutos andando de la Piazza dei Miracoli .,positivo
"El desayuno está muy bien , muy completo , tiene de todo .",positivo
Les felicito a todos y gracias por su excelente servicio .,positivo
"El servicio de habitaciones muy malo , y recepción regular .",negativo
Muy buen resort,positivo
No habia mucho por escoger y de lo que habia no habia suficiente para todos las personas hospedadas en el hotel .,negativo
Un hotel perfecto,positivo
"Ha sido magnífico poder dormir fresquitos en pleno agosto , y descubrir un oasis de tranquilidad en el centro de catalunya .",positivo
Las puertas estaban podridas en su parte inferior .,negativo
Esto permite tener menos ruido procedente de la calle .,positivo
Hotel centrico y bien de precio .,positivo
Todo MUY limpio y cuidado .,positivo
Sólo tengo buenas palabras para describir al hotal y al personal .,positivo
"Son apartamentos bonitos , y buena estancia en general.Me aloje en el omm 2 noches de fin de semana .",positivo
"El precio es muy bueno , especialmente comparado con los hoteles centricos ( y normalmente no en tan buen estado ) .",positivo
Recepción debajo de la escalera .,negativo
Gran Hotel en pleno centro de Madrid,positivo
"El desayuno en la última planta es "" espectacular "" , tanto por las vistas como por la variedad del mismo .",positivo
"Un lugar precioso , todo perfecto",positivo
Practico y funcional,positivo
"En la terraza del hotel hay una piscina preciosa , nadie te ve desde fuera y puedes bañarte y tomar el sol con total tranquilidad .",positivo
"Las vistas desde la azotea impresionantes , con dos jacuzzis .",positivo
La gente de recepción fue muy amable cuando les consulté sobre información turística .,positivo
Muy buenas vistas y mucha tranquilidad .,positivo
Un hotel de ciudad acogedor y muy bien situado,positivo
Muy recomendable para ir con familia.El barrio es tranquilo y tiene cerca supermercados y restaurantes asequibles .,positivo
"solo tienen un enchufe en la habitacion , alejadode la cama , y otro en el aseo .",negativo
Buen hotel para visitar Madrid,positivo
"No me gustó la cama , demasiado dura , de muelles , deberían ponerle algo de viscolastica para descansar mejor , tengo una hernia discal y la cama me hizo despertar todos los días con dolor en la espa",negativo
"El hotel se encuentra en medio del Strip , con lo que su ubicación es idónea .",positivo
"Ubicación excelente en Roma , cerca de muchos puntos turísticos .",positivo
"Hotel cercano a la estación del AVE , en media hora andando estás en el Parque de Maria Luisa / Plaza de España o la Catedral .",positivo
"El pasado dia 01 de Marzo estuve en este hotel , las habitaciones son perfectas y el trato del personal mejor , sobre todo su directora .",positivo
Agradable estancia en el Torre Catalunya,positivo
La pega que tiene es que no ponen nada para limpiar la cocina ni fregar los platos .,negativo
Ideal para pasar un fin de semana de turismo por la capital .,positivo
El desayuno buffet muy correcto .,positivo
"Me gusto estar en ese hotel. aunque solo estuvimos 2 dias , fuimos por cosas personales , si pudiese en otra próxima vez igual lo visitaría de nuevo .... se siente uno muy a gusto , tranquilo aunque s",positivo
"Teniendo varias cafeterias , confiterías , tiendas varias de videojuegos alimentación dos panaderías y algo más que se me escapa a la mente .",positivo
"El último día tuvimos incluido el desayuno y la verdad es que hay mucha variedad , etaba todo muy bueno y es tipo buffet .",positivo
Sin lujos .,negativo
"Nos gusta mucho este hotel porque está situado en una zona muy centrica , la atención de su personal es muy buena y la comodidad de sus habitaciones .",positivo
"Tiene piscina exterior y solarium , debido al buen tiempo que hizo en octubre pude disfrutar de un baño y de los rayos del sol .",positivo
La comida esta exquisita .,positivo
La animación mala .,negativo
Hay mucho personal y todos son muy amables y grandes profesionales .,positivo
Lo recomiendo positivamente,positivo
"El servicio de habitaciones , limpieza , etc ... pésimo .",negativo
La piscina es descubierta .,positivo
El hotel se lo recomendamos a todas las personas que les gusta estar bien atendidas .,positivo
"nos quedamos en un departamento con vista al Lago , lo cual nos proporcionó unos bellisimos atardeceres !",positivo
Realmente lo recomiendo a todo el mundo .,positivo
"el hotel esta bien situado y comunicado tanto por carretera como por medios de transporte urbanos , el servicio y limpieza es bueno. es un hotel que recomiendo a todo el mundo que vaya a madrid y con ",positivo
No cumplen las espectativas que anuncian,negativo
Lo mejor .... la fuente de chocolate .,positivo
Hotel de paso situado cerca de un poligono industrial .,negativo
Ya conocíamos esta cadena y estamos muy contentos con ella .,positivo
Peor de lo que ofrecen,negativo
"El día de nuestra llegada nos quejamos a recepción para que al menos instalarán un punto de agua , pero buenas palabras pero pocos hechos .",negativo
Viaje placentero,positivo
"El Gran Bahía Principe Ambar , es un hotel que merece la pena visitarlo , por el lugar en el que está situado , con una magnifica playa , unos bares estupendos , un personal muy amables y atentos , bu",positivo
"Con todo ello , un hotel mas que recomendable para visitar esta ciudad .",positivo
Todas las habitaciones que tuvimos tenían luz natural .,positivo
lo recomiendo,positivo
Una estancia perfecta,positivo
Hermosa Playa,positivo
"Una de las ventajas que tiene también es que se situa cerca de el centro comercial Diagonal del Mar , y a pocos metros de la playa .",positivo
Recomiendo hoteles cadena Senator,positivo
"Y destacar también la localización del hotel , que es perfecta .",positivo
"Mucha variedad de comidas , tragos y sobre todo buen trato .",positivo
Encontramos la limpieza de la habitación muy adecuada y un baño moderno y cuidado .,positivo
"Habitación con todas las comodidades clásicas además de ducha Grohe grande , retrete separado , dos batas , equipo de música y 3 almohadas por cama .",positivo
En fin unos apartamentos para recomendar y una estancia de lo mas confortable y agradable .,positivo
Excelente punto de partida para visitar Barcelona,positivo
"Las habitaciones , el spa ... Todo muy limpio y el trato del personal de recepcion un 10 .",positivo
Totalmente recomendable para viaje de placer,positivo
"hotel muy recomendable para visitar madrid situado en el centro de madrid en la animada gran via , lugar por exelencia de ocio en madrid puedes encontrar teatros , cines , restaurantes , brares etc.la",positivo
"La habitación muy bien , y el desayuno buffet genial.volveremos a repetir.El trato del personal fue también muy bueno .",positivo
Una buena elección,positivo
"Lo mejor : la amplitud de la recepción y habitaciones , el silencio por las noches , y el murmullo del agua en las fuentes del interior y el exterior .",positivo
El gran problema de este hotel es la restauración : el servicio de habitaciones es muy lento y no sirven lo que se les ha pedido (,negativo
"Tambien mas caro , ojo .",negativo
son geniales !!,positivo
Viajamos en el mes de mayo con una temperatura nocturna entre 2 y 7 grados y aun siendo por dos días los unicos clientes del hotel se nos negó poner la calefacción .,negativo
"La nevera es gratis , las almohadas muy cómodas y el colchón también .",positivo
El personal también fue muy agradable .,positivo
Buen ambiente y servicio,positivo
Recomendable .,positivo
"A mi la bicicleta y entraron en la autocarabana por la noche y dinero , tarjetas , etc .... La respuesta del camping fue nula , no estuvieron presentes cuando vino la policia , no se interesaron en ni",negativo
"La situación del hotel es fuera de nucleos urbanos , ello hace que la naturaleza tenga su máximo valor .",positivo
La dirección del hotel no da la cara .,negativo
sin duda para repetir .,positivo
Es insuperable !!!,positivo
"La decoración es muy acogedora creando un contraste de decoración moderna y funcional con la casa , que es antigua de y techos muy altos .",positivo
Wifi gratis en la habitacion .,positivo
Habitaciones cómodas y silenciosas .,positivo
Un hotel con clase,positivo
Un gran hotel con todas las comodidades,positivo
El servicio es excelente !,positivo
Buena experiencia,positivo
esta es una de las mejores vacasiones que ice ademas esta super bien y ni hay nada de malo .,positivo
En general muy escaso para las 4 estrellas que dice tener,negativo
La limpieza de la habitación normalita .,negativo
"Aunque solo estuve una noche repetiré , fué una estancia muy relajante y agradable , para ir al Spa cada persona tiene su albornoz .",positivo
"La experiencia ha sido muy buena , nos permitió relajarnos , divertirnos e incluso trabajar durante los tres días que hemos estado .",positivo
Tiene WIFI gratis que funciona muy bien y una pequeña zona de SPA .,positivo
"Problemas con el estado de la cama desde el primer dia , la impieza de la habitación inexistente , el trato recibido por algunos camareros pesimo negandose a sacar las bebidas a las mesas , las comida",negativo
Hola amigos me he alojado varias veces en este hotel por temas de negocios.Esta muy bien situado para estar en el centro de madrid y poder aceder al mismo centro andando.Hotel buena calidad precio muy,positivo
"Si vas con coche , es muy buena opción y el tren que viene del aeropuerto esta a dos paradas de tranvía desde la estacion de Sloterdijk .",positivo
Me gusto,positivo
Hemos quedado muy contentos de nuestra estancia en estos apartamentos .,positivo
El buffet como siempre impresionante .,positivo
Excelente hotel con servicio y calidad Sofitel .,positivo
"Viajamos por primera vez a Republica Dominicana junto con mi esposa y nuestros 3 hijos de 27,25 y 21 años , podemos decir que fueron unas vacaciones maravillosas , todo muy bueno y de calidad , muy re",positivo
"Excelente , como siempre , en la linea de la cadena .",positivo
El hotel es muy recomendable .,positivo
"El fallo gordisimo es el personal del hotel : los recepcionistas no se ponian de acuerdo y te discutian ( tocate las narices ) sobre lo que el del anterior te habia comentado , el encargado del buffet",negativo
Buena y tranquila zona y con recepción 24h .,positivo
Muy buenas vacaciones,positivo
Recomendable hotel en el centro,positivo
Las camas son reclinables con lo cual puedes ver la tele o leer cómodamente inclinados .,positivo
Elegante y familiar,positivo
"Gran valía de este hotel es sin duda su ubicación , al lado de la Plaza Dam , de la casa de Ana Frank , 10min caminando de la estación central .",positivo
"El personal muy amable , tanto en recepción como en el restaurante .",positivo
Hotel con una ubicación excepcional .,positivo
Lo barato sale caro,negativo
Excelente hotel para las mejores vacaciones,positivo
Excelente calidad · precio perfecta .,positivo
"La "" categoria "" del camping se ha de reflejar en estos casos y francamente nos defraudaron .",negativo
Al lado de la Plaza del Sol y cerca de estaciones de Metro y parada de autobuses .,positivo
Nos robaron a 5 campistas .,negativo
Básica pensión,negativo
El complejo es muy grande pero bien organizado .,positivo
"Hotel bien equipado , con Spa gratis .",positivo
Nos encantó,positivo
"Es un lugar acogedor , con habitaciones espaciosas , muy bien iluminado , con excelentes vistas y aún mejor personal .",positivo
La habitación era muy amplia y bien equipada .,positivo
Se comía mucho mejor en doña pepica que está a 100 metros que en propio hotel y el alardeo de su buffet libre .,negativo
"El buffet libre que tenia era bastante probre , como minimo el del desayuno , que es el que hicimos .",negativo
A eso le llamo un Hotel con clase ( y para repetir ),positivo
"muy recomendado , durante l dia visité varios de los destinos cercanos al hotel y en las noches enconte varios lugares para salir ... las instalaciones son muy buenas",positivo
"Lo hemos recomendado a todo el mundo que conocemos , y sin duda vamos a repetir .",positivo
"Lo mejor es su situación , cerca de todo lo que hay que ver en Madrid .",positivo
"La habitación era muy confortable , viajabamos con un niño y dispusimos de sofa · cama que cabía cómodamente en la habitación .",positivo
La habitación amplia y con buen aire acondicionado .,positivo
"Mayoritariamente eran familias lo que estubimos alli alojados , y para los niños muy bien .",positivo
La atención fue correcta y la habitación acojedora,positivo
"Lo único desfavorable , es sin duda alguna , la ubicación del hotel .",negativo
También está bastante cerca del centro .,positivo
La pasamos muy bien .,positivo
Atención excelente,positivo
"Tiene un personal excelente , servicio de limpieza excelente ...",positivo
Es un tipo de hotel que estuvo de moda hace 40 años y que por su enorme tamaño hace que el huesped no tenga una sensacion acogedora .,negativo
Además es un hotel muy moderno .,positivo
"Bien situado , fácil de localizar , buen servicio .",positivo
"Creo que de todos los hoteles en los que he estado , sin duda , este desayuno el mejor .",positivo
Y a pesar de estar en la Gran Vía la habitación era muy silenciosa .,positivo
"Instalaciones más que aceptables ; equipo de animación , entregado totalmente ; limpieza exhaustiva ( a veces , hasta 2 veces al día ) , con cambio de toallas también hasta 2 veces diarias ; con gente",positivo
"El hotel es una autentica preciosidad , comfort y atencion al 100 % y su precio se adecua a lo que ofrecen .",positivo
La verdad que como siempre que me he alojado he tenido una estanciacomoda y agradable .,positivo
"El hotel es muy grande , ocupa una manzana entera y todo está muy limpio .",positivo
Hermoso lugar !,positivo
"Los camareros son exepcionales , super amables y te atienden muy bien y con mucho cariño .",positivo
"La habitación daba a un patio interior muy amplio y ha sido una gozada no oir ni un solo ruido , hemos dormido fenomenal ya que conserva muy bien la temperatura y no hemos tenido que dejar el aire aco",positivo
Se lo recomiendo a todo el mundo .,positivo
No te cambian ni el mantel .,negativo
Se trata de un establecimiento que ofrece una magnífica ubicación para visitar los lugares de interés turístico .,positivo
Por error la primera manana bajamos tarde al desayuno y nos atendieron genial en la cafetería .,positivo
Una pasada,positivo
Zona tranquila .,positivo
"Hotel situado en zona muy tranquila muy muy cerca del Camp Nou , Cerca tiene parada de metro para poder ir a cualquier parte de Barcelona , con garage , hotel muy tranquilo y acogedor , el detalle de ",positivo
El wifi tampoco funciona bien,negativo
"Estos 4 dias hemos descansado y disfrutado gracias a la buena comida , camas y amabilidad de los dueños del hotel .",positivo
Las habitaciones estan muy bien .,positivo
"Lo recomendaría sin lugar a dudas es un buen hotel bien situado , con buenas instalaciones y con un personal muy atento y competente .",positivo
"El trato del personal fue cuidado y muy agradable , el check · in y el check · out fueron rapidos y sin ninguna clase de problema",positivo
Elección fácil para la próxima visita a Roma .,positivo
"Hotel antiguo , desayuno malo , limpieza mal",negativo
Las habitaciones eran viejas y muy calurosas .,negativo
Gran ubicacion perfecto,positivo
"Buena estancia , viaje de trabajo se descansa bien",positivo
Todo perfecto .,positivo
"El coche lo deje en el parking , por ser del club playa vip hacen descuento , no es necesario ir en coche para ver la ciudad .",positivo
"Me sorprendió que en el hotel no se oye absolutamente nada , ni la autovía ni el aeropuerto realmente se puede descansar .",positivo
"El check · in y check · out muy rápidos , ya que soy cliente de otras ocasiones .",positivo
"Las habitaciones son amplias , modernas , funcionales , con pantallas de planas en todas las habitaciones , caja de seguridad , carta de almohadas .",positivo
La habitación era muy grande y el baño enorme .,positivo
Hola fuimos con una reserva de 5 dias con pensión completa ( pagado por anticipado ) y al cuarto nos fuimos ya no aguantamos más .,negativo
Las parcelas son amplias y con mucha sombra .,positivo
Elegancia .,positivo
Hotel alejado del centro,negativo
Un poco viejo en las zonas comunes,negativo
Excelencia con alternativas,positivo
Es un hotel muy relajante sobre todo si vas al spa que es muy grande y la decoración espectacular .,positivo
Todo el personal fue súper amable .,positivo
Gracias !,positivo
Muchísima variedad en la bollería .,positivo
"El hotel está situado al lado del Camp Nou y muy cerquita de una boca de metro y frente a una parada de autobús , por si no se quiere coger el coche .",positivo
"El entorno no tiene nada para destacar , al igual que el hotel .",negativo
"Ha estado muy bien , ha sido uno de los mejores hoteles en que he estado .. no se si hay otros hoteles asi , lo mejor es ir alli y ver lo que hay , pero os aseguro que esta muy pero que muy bien , Un ",positivo
Muy buena opción .,positivo
El desayuno bastante flojo .,negativo
Para repetir .,positivo
"El personal es fantástico , muy servicial y atento a todas las necesidades que tuvimos durante la visita .",positivo
"Las habitaciones muy completas y disponen gratuitamente de caja fuerte , minibar , servicio de plancha etc ...",positivo
"La casa es un antiguo molino reformado , rodeado de vegetación y apartado de cualquier ruido en plena naturaleza .",positivo
"este camping carece de las medidas de seguridad apropiadas , nos robaron una bici y encima casi te sentias culpable por parte de la recpecion.NO llamaron a la guardia civil y fuimos nosotros hasta el ",negativo
El hotel está muy bien comunicado con el metro .,positivo
Hotel estupendisimo en Valencia,positivo
Estuvimos 3 amigas y fue todo perfecto .,positivo
Muy bien todo,positivo
"Excelente estadía , un gran complejo .",positivo
"En definitiva , que salimos contentos de nuestra estancia .",positivo
Las habitaciones son grandes con cama buena y baño grande .,positivo
"No vayan , Decameron de Panamá ya no es bueno",negativo
Los de recepción te aconsejan un poco sobre donde ir y que linea de metro o de bus coger para ir a los destinos .,positivo
Inútil reclamar .,negativo
"Las sábanas , mantas y decoración de la cama muy guapo .",positivo
"Gracias por todo , volveremos y lo recomendaremos a nuestros amigos .",positivo
"Desde el hotel se puede ver el Camp Nou , con lo cual si eres aficionado puedes alojarte e ir a pie en 5 minutos .",positivo
"soy cliente de esta cadena 16 años siempre estado muy contenta pero este año no al llegar ala habitación el suelo estaba sucio el mando de la cama estropeado lo comente en recepción no vino nadie , el",negativo
"Si buscas un hotel para hacer actividades a través de él , o para ver cena con espectáculos , o quedarte todo el día dentro ... no es tu hotel , porque no tiene ese tipo de instalaciones .",negativo
Acogedor y céntrico,positivo
La ocupación era bajisima .,negativo
Impresionados con las mejoras que se han hecho de un año para otro .,positivo
El hotel ha sufrido una reforma en el último año .,positivo
"Buen servicio , todo muy limpio y cómodo .",positivo
Volveria,positivo
Genial .,positivo
"Bueno el hotel no era malo , estaba limpio y bien",positivo
Tiene muy buena combinación para conocer cualquier parte de Barcelona en transpote público .,positivo
Limpio y las camas confortables.Su ubicacion para acceder al centro es muy buena .,positivo
Nos ha gustado mucho y lo recomendariamos sin duda alguna .,positivo
"Las habitaciones son bonitas , amplias y todo el hotel esta muy limpio , todo impecable .",positivo
Tuvieron con nosotros el detalle de una botella de cava .... siguen cuidando los detalles en esta cadena .,positivo
Había una caja fuerte en el armario sin cargo .,positivo
os la la recomiendo a todas las personas q se pasen por la ciudad es grande y muy calida bueno espero aver ayudado,positivo
Buen sitio,positivo
"Lo que menos me gustó es que pese a ser de cuatro estrellas , tenía muchas carencias , por ejemplo , no disponía de piscina .",negativo
"Muy correcto en todos los aspectos , muy limpio , tiene detalles que agradan , como el mini · bar gratuito ( bebidas no alcoholicas ) y el calienta liquidos de la habitacion para que te puedas hacer c",positivo
"La playa está a menos de 1 minutos andando , y la calle principal donde hay tiendas , restaurantes , pubs y discotecas también está al lado .",positivo
Opción barata para Las Vegas,positivo
"Habíamos alquilado una suite pensando pasarlo bién por la noche en el saloncito por lo menos , porque el hotel era más una pension que un hotel .",negativo
En general muy bueno y el barrio donde esta situado es un barrio amable sencillo y de buenas costumbres .,positivo
"El desayuno nos pareció caro , entonces como recomendación mejor salir a descubrir los bares alrededor y gastar lo mismo en comida típica madrilena .",negativo
"La ubicación es muy buena si vamos de negocios , pues está muy cerca del Forum y además tiene una parada de metro cercana que te conecta con el centro de Barcelona en 20 o 30 minutos .",positivo
"El hotel muy céntrico , en plena Gran Vía madrileña , con acceso a pie a los rincones más pintorescos de Madrid .",positivo
"Las habitaciones son agradables , limpias y bastante amplias .",positivo
Si tuviera que ponerle una nota le pondría un 9 y les recomiendo este hotel. si tengo que volver por allí no dudaré en repetir,positivo
"Zona tranquila y bien comunicado , muchos servicios y comodidades , el trato personal excelente , habitaciones confortables con Wifi , minibar gratuito , cafetera etc ...",positivo
"Hotel comodo y confortable.El personal es muy amable , siempre dispuesto a ayudarnos ante cualquier consulta o necesidad .",positivo
Todo maravilloso .,positivo
Algo a tener en cuenta es que disponen de un parking vigilado a la vuelta de la esquina del hotel por 24 euros al dia,positivo
"Para empezar os diré que por ser socio del club playavip me ofrecieron una habitación con terraza con magníficas vistas a Gran Via , además nos dieron una entrada gratuita al spa .",positivo
"Muy amables y simpaticos , bastante limpio todo .",positivo
"Realmente lo recomiendo ,",positivo
"Excelente ubicación en el centro Madrid , a 5 minutos andando de la Plaza del Sol y pegado a la parada de Metro de la Línea 5 , Gran Vía .",positivo
Es la feria,negativo
Excelente en todos los aspectos .,positivo
Esta en las afueras de Siena pero sin estar lejos .,positivo
"El hotel es ideal para trabajo , y para pasar un fin de semana .",positivo
Personal agradable y profesional .,positivo
Hotel en mal estado en las instalaciones y rooms .,negativo
"La piscina es estupenda , y no conozco ninguna con mejores vistas .",positivo
"Las instalaciones son muy buenas , hay prácticamente de todo en el hotel , spa , piscinas , zona de ocio con billares , futbolines , juegos para los niños , bar , orquesta , baile , peluquería .... El",positivo
"La habitacion que nos dieron no me acabo de convencer , estoy acostumbrado a usar hoteles Marriott ( y Courtyard por supuesto ) y este quiza sea el mas cutre de todos los que haya ido",negativo
Los electrodomésticos muy modernos y el mobiliario también y nos ha encantado ya que venía con cocina incluída y teníamos una mayor libertad a la hora de comprar .,positivo
Para los niños nos pusieron una cama supletoria grande y aun así quedaba mucho espacio .,positivo
Es la segunda vez que nos alojamos en él por su cercanía con la estación del ave y de la ciudad de las artes y las ciencias .,positivo
"Los restaurantes temáticos son un desastre , y has de perder horas para reservar .",negativo
"Un hotel muy bonito , adecuado para pasar las vacaciones , viajes de novios o ir con la familia.Te tratan estupendamente bien , las habitaciones y la vista son preciosas y hay multitud de posibilidade",positivo
"El hotel está super bien situado , en el centro de la ciudad y te da opción a disfrutar del teatro , compras y bares de tapas .",positivo
Los empleados son en su mayoría bilingües lo que hace que la enstancia en el hotel sea mas que practica .,positivo
Peor trato imposible,negativo
"Acudimos al Spa , cortesía del hotel , y disfrutamos de una mañana agradable , después de una larga jornada pateando Barcelona .",positivo
"Lo mejor , las vistas desde la azotea , donde se encuentra la piscina , espectaculares .",positivo
"Hay un bingo donde se puede cenar barato , un mcdonald ' s y una especie de mercadillo también bastante cercanos .",positivo
La gente es muy amable y atenta .,positivo
"Continuan con los detalles como minibar gratuito , servicio de cafe en la habitacion , invitacion al spa por ser cliente repetitivo .",positivo
Tambien a la estacion de trenes .,positivo
Hotel bastante simple .,negativo
Hotel Genial,positivo
"Se puede llegar caminando desde la parada de Urgell del autobus del aeropuerto ( unos 10 minutos ) , por lo que resulta de fácil acceso .",positivo
También hay varios autobuses que salen desde la plaza de Gambetta para llegar al centro y a las atracciones más importantes de Paris .,positivo
"Formidable , tienen que visitarlo",positivo
El personal es muy agradabe y el spa estupendo .,positivo
Enhorabuena a la cadena Playa Senator por la adquisición .,positivo
Muy limpio y con cama cómodas .,positivo
Las habitaciones son muy grandes tienen sofá · relax y buena iluminación .,positivo
Una estafa,negativo
Hotel situado en la zona de nuevo desarrollo próxima a la ciudad de las artes y de las ciencias .,positivo
Excelente estancia en este hotel,positivo
Lo mejor de este hotel es la ubicación .,positivo
Tiene también taxis en la puerta .,positivo
Me robaron el móvil en el bungalow,negativo
Pocos niños .,positivo
Un complejo para nada masificado en el que el servicio es de lo mejor .,positivo
Atención personalizada .,positivo
Hotel muy nuevo con encanto familiar,positivo
"El desayuno está bien , con variedad y calidad de productos .",positivo
La van a pasar 10 puntos .,positivo
La ubicación del hotel es excelente para moverse por el centro de Madrid .,positivo
Bonito lugar para descansar,positivo
"Está situado en la Gran Vía , desde fuera son los típicos edificios altos con apartamentos normales , pero al subir nos sorprendió mucho encontrarnos este hostal tan genial !!",positivo
"La decoración , nada más entrar nos pareció fantástica .",positivo
Muy cerca del Bayside y el American Airlines Arena .,positivo
"Pese a estar situado en una calle principal de la ciudad , es un lugar tranquilo y apacible .",positivo
"Ibamos al Musical del Rey Leon , el teatro esta enfrente del hotel .",positivo
Lo que hay en el milibar es sin cargo y dispones de un hervidor de agua con diferentes cafés e infusiones .,positivo
"El servicio contratado Incluçia desayuno , con buena variedad , el personal del restaurante , un encanto , y en la recepción muy amables .",positivo
"Ya he estado varias veces con mi pareja en este pequeño hotel , el cual se encuentra en el centro de León , en la famosa calle Ancha .",positivo
La verdad que quedamos encantados con el trato del personal .,positivo
Hotel sucio,negativo
Una experiencia · pero no creo que regrese,negativo
Centrico y comodo,positivo
"Tiene todo lo necesario y sobretodo , lo que mas nos interesa : accesos excelentes al centro de Calella de Palafrugell y a la playa a pie .",positivo
"El Quijote , el peor .",negativo
"El personal muy bien , tuvimos una gotera en la habitacion y nos cambiaron a una habitacion superios sin problemas .",positivo
"Otra cosa son los desayunos , a los que si bajas 20 mins después de que se sirva no te queda ni leche !!",negativo
Me gustó mucho .,positivo
Organización caótica .,negativo
"Este hotel nos gusto mucho el servicio que daban , la comida y la estancia fue espectacular .",positivo
El hotel cubría todas las necesidades .,positivo
"Hotel , muy bien situado , grandes vistas a la gran via , cerca todo , plaza mayor , puerta del sol , gran via , Museos , teatros , la atencion muy buena , desayuno muy bien , y las habiataciones con ",positivo
"hotel muy bien situado tanto para ver la ciudad , ya que tiene tanto linea de autobus como de metro cerca y perfecto para ver el futbol , ya que esta al lado del camp nou. buen trato del personal. rec",positivo
A un bajo precio no se puede esperar milagros y no era gran cosa .,negativo
La calificación Muy bueno queda chica para este Hotel .,positivo
"La verdad es que es un muy buen hotel , de buena calidad y volvere claramente a ese hotel para ir en familia , en pareja , tiene cercanos bocas de metro y de autobuses en conclusión un muy buen hotel ",positivo
"El SPA no está mal y si tienes la vip senator , tienes acceso gratuito una vez , por gentileza del hotel",positivo
"Un gran hotel , a la altura de un cuatro estrellas en pleno centro de Madrid .",positivo
Por cierto COMODISIMA .,positivo
"En resumen muy moderno y muy bien de precio , repetiré sin dudarlo .",positivo
"Ademas , tambien valoro positivamente el hecho de que el personal del hotel hablase español .",positivo
En fin Que pasamos 4 días geniales .,positivo
Las vistas desde la terraza son impresionantes .,positivo
Confortable,positivo
"El hotel es de 3 estrellas , las habitaciones son limpias , espaciosas y silenciosas .",positivo
Estancia muy olvidable : ruido y luz,negativo
El hotel tenía unas habitaciones bastante buenas y era tranquilo .,positivo
Excelente lugar para descansar en familia .,positivo
Sin lugar a dudas es algo para repetir,positivo
"Correcto del todo , genial si viajas a ver el barça",positivo
"como la vez anterior , no nos defraudó en nada .",positivo
"Realmente , nos hemos quedados fascinados , un lujo total .",positivo
Buenas vistas e iluminaciñon natural .,positivo
Lo recomendamos a nestros amigos y ya esta viajando uno de ellos .,positivo
La zona en la que estaba situada era mala para andar por la noche .,negativo
Como punto negativo decir que la nos asignaron una habitación en un piso bajo y se escuchaba toda la noche el aire de los aparatos de aire acondicionado del lobby .,negativo
Volveremos a repetir .,positivo
"La playa de este hotel es privilegiada porque es casi el doble de extension por sobre el promedio de los hoteles en playa del carmen , El hotel cuenta con personal sumamente atento que tienen capacida",positivo
Estupendo !,positivo
El trato personal es muy bueno y el hotel goza de habitaciones amplias y confortables .,positivo
"Está cerca del parque Warner y es un pueblo tranquilo y no hay demasiados inmigrantes peligrosos , aunque en Madrid hay muchos y hay que tener cuidado en el metro con las maletas porque hay mucho deli",positivo
Se trata de un hotel de 5 estrellas que cuenta con todo tipo de facilidades para toda la familia .,positivo
Excelente hotel,positivo
"El hotel limpio , las habitaciones limpias , cero bichos ( que pena ) a pesar de la exuberante vegetación .",positivo
La comida es excelente y tiene todo pensado para la diversión familiar .,positivo
"No hay espectáculos nocturnos , siempre son los de animación cantando .",negativo
Un lujo muy asequible .,positivo
Elegante y relajante,positivo
Los únicos peros son la televisión no es de pantalla plana y el suelo de mármol se hace frío sí vas descalzo .,negativo
Un hotel que ofrece lo que vende .,positivo
"habitacion espectacular , enorme de grande y ademas no le faltaba ningun detalle , tenia cafetera , tabla de planchar , claro esta y una plancha , cafetera de capsulas , mini bar gratuito .La piscina ",positivo
El hotel me ha gustado mucho mas de lo que esperaba .,positivo
Buen trato y buen Hotel,positivo
Nos estafaron con la oferta,negativo
La recepción es hermosa ( al igual que la sala de desayunos ) y el personal más que atento .,positivo
En el mejor sitio de todo Madrid,positivo
"Hotel muy bien situado en plena Gran Via. ideal para ir de compras , tapear por los numerosos bares de la zona y acudir a un musical , se puede ir paseando a la puerta del sol al ser una zona muy conc",positivo
Llegando a la madrugada no hubo indicacion concreta ni acompanamiento de personal para poder encontrar rapidamente las habitaciones en semejante complejo desconocido para los huespedes .,negativo
"Calidad , servicios y atención , excelentes .",positivo
"Muy cómodo si tienes coche , para conocer Sevilla y una estancia tranquila .",positivo
Repetible,positivo
No lo recomendaría para pasar unas vacaciones en pareja o en familia .,negativo
Luego se puede ir en autobús o andando al centro de la ciudad .,positivo
"Tiene unos precios bastante mas baratos en su web , de que lo que hemos visto anunciado en paginas de reservas con unas ofertas muy completas de cursos de esqui , forfaits y balneario de Caldea .",positivo
te hacen sentir como en casa .,positivo
"Una estancia muy agradable , muy atentos",positivo
Nos ha gustado mucho este hotel en Valencia .,positivo
Un hotel encantador desde la salida hasta la llegada .,positivo
Comodidad en el corazón de Madrid,positivo
El vuelo directo desde Buenos Aires y el later check out adaptado a la hora de partida nos permitidos disfrutar al máximo de nuestras vacaciones y tener unagradable descanso .,positivo
El armario es grande y dispone de caja fuerte gratuita y plancha .,positivo
Me parece fenomenal el tema del wifi gratuíto y que admás funcina muy bien .,positivo
Buena situacion .,positivo
"Un hotel con todas las comodidades , con un complejo muy cuidado y variado en actividades .",positivo
Excelente ambiente,positivo
"No hay armario solo una estantería con unas perchas , no intentes deshacer las maletas .",negativo
La habitación tenía todo tipo de comodidades y quedamos muy contentos con el trato que recibimos del personal .,positivo
Clientela tranquila y educada en general .,positivo
La atención de todo el personal excelente .,positivo
Muy amable el personal y perfecto el desayuno buffet con mucha variedad .,positivo
Unas increïbles vacaciones de relax,positivo
"El baño es increíble , y los amenities de aseo muy buenos .",positivo
"fuí por trabajo un día a barcelona y me quedé en este hotel.El hotel como tal , está muy bien .",positivo
Buena opción junto a la nueva zona de Valencia .,positivo
Nada que ver con otros resorts de la zona .........,negativo
"A mi familia y a mí nos encanta la ciudad de Madrid , el poder salir de compras , de tapas , a ver un espectáculo , y la situación de este hotel es ideal para poder moverte por el centro de Madrid sin",positivo
La relación calidad precio es muy buena .,positivo
Comida abundante y para todos los gustos .,positivo
Un 10 !,positivo
Invreíble de verdad .....,positivo
Todo un pack de sensaciones prácticamente sin movernos .,positivo
Quede contento,positivo
La distancia del hotel a la playa permite que se vaya caminando sino cuentan con opción de carritos para traslados .,positivo
Puedes ir a pie a los lugares más turisticos de Madrid .,positivo
Puedo decir realimente complcida que pasé unos increïbles días de absoluta tranquilidad antes de volver al trabajo .,positivo
El hidromasaje de la azotea no funciona bien por lo que solo es una bañera,negativo
"Habitaciones amplias , confortables y limpias .",positivo
Muy buena calidad / precio,positivo
En recepción un detalle muy de agradecer son las dos jarras con zumos fresquitos .,positivo
El trabajo de Kenia al frente de los espectáculos nocturno es soberbio .,positivo
Muy caros los productos del bar de la habitación .,negativo
"La habitación muy limpia y ordenada , me gustó el equipo de música .",positivo
"Excelente en todo sentido , la atención , la comida , las instalaciones , la playa .",positivo
Estancia satisfactoria en todos los sentidos,positivo
"Zonas muy bien diferenciadas , por un lado el comedor , amplio , cómodo y con una enorme cristalera .",positivo
Gran confort,positivo
"Lo mejor de estos apartamentos es sobre todo su precio , conseguimos una buena oferta a través de internet .",positivo
Ideal para reuniones en la parte sur de Barcelona .,positivo
Nos agradó,positivo
"no puedo decir nada en contra , el personal maravilloso desde la direccion hasta el ultimo empleado te hacen encontrar en un ambiente muy acogedor , las habitaciones estupendas , amplias y confortable",positivo
"Un lugar ( APARTAMENTO ) perfecto para pasar unos días , buena localización , limpio y confortable .",positivo
Gracias por todo ......... lo pasamos muy lindo .... Lo que vimos de la isla es muy lindo pero manejar y andar en auto es un contratiempo ...... Las calles son muy angostas y con cunetas profundas a l,positivo
"Es un hotel maravilloso , muy limpio y muy bien ubicado .",positivo
Pero era una habitación cómoda y descansamos bien,positivo
Confortable hotel en Barcelona,positivo
"Y entre las vistas hay que destacar la pasarela de cristal que tiene en su ultima planta , desde la que puedes pasar y ver a unos metros de altura el suelo , y el paisaje .",positivo
El hotel Lloret es una buena opción en el sentido de que está muy bien ubicado en la primera cuadra de La Ramla desde Plaza Cataluña .,positivo
Las habitaciones tienen camas muy cómodas y el baño es muy espacioso .,positivo
La disfrutamos mucho .,positivo
"La zona es muy buena ya que estás en primera linea de playa , y la ocupacion es un 90 % alemana y en la época en la que estuvimos casi todo gente mayor / 3ª edad ... pero muy bien porque buscábamos tr",positivo
"En la semana que estuvimos sólo nos cambiaron las sábanas una sola vez , pese a ver todo el día al personal de limpieza dando vueltas .",negativo
"Las paredes de papel , se oía todo .",negativo
No vayais !,negativo
"De entrada quiero decir que cuando fui era para olvidar , pero me hizo ver las cosas de otra manera , me sentí feliz y al mismo tiempo mimado , fueron unos días de atenciones y sobre todo mimos que se",positivo
También tiene servicio de internet gratis en la habitacion o caja fuerte gratis .,positivo
La situción es muy buena ya que cuenta con varias lineas de tranvía y el metro muy cerca .,positivo
Eramos tres en una habitación y la verdad es que se quedaba BASTANTE pequeña .,negativo
Bien comunicado .,positivo
Increible .,positivo
"Es un hotel nuevo , todo esta muy limpio y cuidado .",positivo
Hotel exelente a precios asequibles,positivo
"Decidimos alojarnos en estos apartamentos por la cercanía a Disneyland , tan sólo una parada de RER .",positivo
No se corresponde a un hotel de 5 estrellas .,negativo
"Sucio , desagradable y lleno de chinches",negativo
Muy confortable,positivo
"Lo peor me parecio el desayuno : bolleria de pesima calidad , productos de calidad baja en general y con poca variedad , supervisor de mozos muy molesto y mozos muy desatentos .",negativo
Aunque la animación ha perdido un poco .... antes era un hotel mucho mas divertido .,negativo
"para descansar o divertirse no tiene precio , adecuado para todos los gustos .",positivo
Muy recomendable .,positivo
"El hotel cuenta con ocho plantas si no recuerdo mal y una gran cantidad de habitaciones , La limpieza es correcta y el desayuno tipo buffet .",positivo
Muy bien ubicado en Madrid,positivo
Decepcionante,negativo
"la ubicación es perfecta , buenos transportes , primera linea de playa y con abundantes restaurantes y locales de ocio cerca .",positivo
"Además , el minibar , wifi y caja fuerte está incluido en el precio y es algo de agradecer porque no es muy habitual .",positivo
"Me encantó el barrio , está lleno de restaurantes y cafés y tiendas pequeñas .",positivo
"La clientela es variada aunque siempre que nos hemos hospedado hay gran cantidad de extranjeros debido a que esta muy cerca del Camp nou , esto lo hace un sitio ideal para ir al futbol .",positivo
Sobre todo educado .,positivo
Recomiendo el hotel para parejas,positivo
Bastante contento,positivo
"Limpieza muy buena , y buen desayuno .",positivo
"Hotel bien situado cerca de la estación , y cerca también del centro de la ciudad y la zona turística.Estación de metro justo al lado y bien conectado con buses y tranvías , y bicicletas públicas para",positivo
"El hotel estaba como recién reformado , todo nuevo , muy cuidado al detalle .",positivo
"En el hotel , los trabajadores estan muy pendientes de ti e incluso son amables y simpaticos cuando hablas con ellos .",positivo
Volvería a alojarme en próximas visitas a la ciudad de la torre inclinada .,positivo
Inmejorable ubicación ; hemos ido a pie a todos los lugares que queríamos visitar desde la Plaza de España hasta el parque del Retiro .,positivo
"EL hotel es de 5 estrellas , y la verdad es que se las merece .",positivo
"La piscina inmensa con bar incluido , la playa muy extensaaaa .. y tranquila",positivo
excelente personal !,positivo
"He leido otras criticas , y a diferencia de los otros comentarios para mi el trato fue correcto y educado , tampoco espero hacerme amigo del recpcionista .",positivo
"Me4 ha gustado muchisimo el hotel , la tranquilidad que tiene despues de un largo dia de trabajo y usar el &lt; SPA lo mejor recomiendo un masaje relajante la cena y a dormir que mañana se trabaja ...",positivo
"Las personas que lo regentan , bordes y poco atentos .",negativo
"Las habitaciones son amplias , tienen una TV de plasma , un pequeño refrigerador , aire acondicionado y WIFI gratis .",positivo
Lo mejor el spa,positivo
"En Agosto hace calor y es temporada alta , pero hay piscina en el ático y con el aire acondicionado no se nota .",positivo
"Incapacidad de los gestores para solventar el problema , Una verdader tortura de puente .",negativo
Relación calidad · precio muy buena,positivo
Un excelente B &amp; amp ; B. El desayuno estupendo de calidad y cantidad .,positivo
"Baño moderno y cómodo , con ducha .",positivo
"Hotel tipico del estilo Melia , ubicado en un lugar centrico , ideal para poder visitar cualquier punto de Madrid , buenas conbinaciones de autobus , metro .",positivo
Me ha decepcionado,negativo
Hotel perfecto en Madrid,positivo
Hotel de pésima calidad,negativo
Es un lugar al que volvería con gusto con toda mi familia y / o amigos .,positivo
Muy bien,positivo
"A primera hora de la mañana la habitación puede estar un poco "" fresca "" .",negativo
Hotel limpio y cuidado .,positivo
"La comida y cena , para ser un hotel de 4 estrellas era escasa y habia poco donde elegir , dos primeros , dos segundos y dos postres , un poco mas de amplitud de menu donde elegir no vendria nada mal ",negativo
Metro cercano y negocios cercanos .,positivo
Para viajes cortos está bien,positivo
"Mi novia y yo fuimos de vacaciones a España y nos quedamos unos días en Palma , la experiencia fue la mejor me encanto el clima de esta ciudad y gracias a que el hotel cuenta con todas las facilidades",positivo
"El hotel esta espectacularmente bien situado , las habitacione son espaciosas comodas y bonitas , la nuestra daba a un patio interior Zen .",positivo
"El hotel esta muy centrico , puedes ir desde alli andando a todos los lugares centricos de Madrid ( nosotros no cogimos ningun transporte publico y eso que ibamos con un niño pequeño ) .",positivo
"El hotel está muy bien ubicado , en la zona izquierda del ensanche .",positivo
"Cuenta con una terraza chill out , que hace que te olvides de que estás en una gran ciudad .",positivo
"Nosotros contratamos un pack por la luna de miel y nada de lo que contratamos nos lo respetaron , ni cesta de frutas al llegar , ni internet en el pack que decia que si , la habitacion nada que ver co",negativo
"Son el mejor de los ejemplos de turismo sostenible ; respetuoso e integrado en la rica naturaleza del entorno , al mismo tiempo cómodo , limpio y muy acogedor .",positivo
"Todo está muy , pero que muy cuidado , desde sus instalaciones , hasta su ubicación .",positivo
"Nos encanta el hotel está situado en todo el centro de Madrid con lo que la oferta de ocio , gastronoma , cultura , etc es espectacular y luego que decir del personal , las instalaciones , ¡ ¡ Geniale",positivo
"Como siempre , el trato fue espléndido , las habitaciones renovadas y muy limpias , y el desayuno era espectacular .",positivo
Muy buena estancia,positivo
Recomendable para visitar el centro o ir de compras .,positivo
Ideal también para aquellos que viajen con niños y con animales .,positivo
La estancia estubo bien y no me falto de nada en el tiempo en el que estube alli .,positivo
Los precios muy caros como siempre .,negativo
"son unos apartamentos muy buenos y muy bien cuidados , yo fuy por motivos propios pero es perfecto para viajes de negocios y para pasar unos dias de relax por madrid. buenos servicios y muy amables to",positivo
Tienen problemas serios de aseo en lugares como los baños que están en los bares cercar de la playa .,negativo
De nuevo estuvimos genial en este hotel .,positivo
"Es un camping encantador , muy natural y autentico .",positivo
Calidad precio bastante buena y en el centro,positivo
Errores continuos desde la entrada hasta la salida .,negativo
"En cuanto al Buffet desayuno , es muy completo y variado .",positivo
"Lo mejor de este hotel es situación en la mejor zona de la Gran Vía , lo que facilita enormemente el acceso a teatros , restaurantes y compras .",positivo
La verdad es que en este hotel dan lo mejor de lo mejor y los precios están genial .,positivo
La habitación daba a sol pero están muy bien aisladas con contraventanas lo cual hacía muy silenciosa y tranquila .,positivo
Apartamentos alta calidad,positivo
"El desayuno me encantó , riquisimo y super variado .",positivo
"Sigue siendo muy recomendable , se encuentra a cinco minutos a pie del Bayside y del American Airlines Arena .",positivo
La ubicación del hotel es privilegiada y se encuentra entre medias de la plaza de callao y plaza españa .,positivo
"Nos encanta este hotel , su ubicación , sus habitaciones , su personal ( siempre tan amable y servicial ) .",positivo
Perfecto,positivo
"Destaca por su compromiso con el huesped , desde la recepcion , al bar · restaurante , pasando por sus magnificas habitaciones , la piscina en la ultima planta o su fantastico SPA hacen que tengas una",positivo
El personal muy amable .,positivo
"El hotel esta bastante bien , nos atendieron genial y nos dieron a escoger que habitación queríamos de las que habia libres y estaba bastante limpia .",positivo
Imposible descansar .,negativo
"El ambiente es muy agradable y la habitación muy cómoda , con gran calidad en el sueño y detalles como cafetera eléctrica y minibar gratis ( agua , pepsi , zumos ) ; también contaba con conexión wifi ",positivo
El desayuno es el mejor y el mas variado de Helsinki ( yo empiezo el dia con un banquete de salmon ahumado y arenque ... ) .,positivo
Recomendable,positivo
"El personal del desayuno era un tanto maleducado , siempre esperando que no estuvieras mucho tiempo .",negativo
Destacamos también la limpieza de las habitaciones .,positivo
"El minibar ( agua y pepsicola ) y una pequeña cafetera eran gratuitos , al igual que la conexión WIFI y la caja fuerte .",positivo
Excelente opción !!,positivo
Está bastante limpio .,positivo
Tenía la ubicación perfecta .,positivo
"Muy buenas las instalaciones del hotel , a la altura de un resort !",positivo
"Las habitaciones estaban muy limpias , y la calefacción funcionaba a las mil maravillas .",positivo
"La habitación que nos dieron es amplísima , disponía de un pequeño saloncito , tenía unas excelentes vistas a la gran vía y está perfectamente insonorizado .",positivo
"En líneas generales , recomendamos este hotel .",positivo
El personal desagradable,negativo
Detalles que hacen que vuelvas,positivo
Localización tranquila pero en menos de 10 miutos andando te pones en el Duomo .,positivo
"Pues eso , en pleno centro de Madrid , en el medio de su arteria principal ( Gran Via ) para todas aquellas personas que busquen entrar de lleno en el bullicio , las luces de neon , las tiendas a cual",positivo
¡ Volveremos seguro !,positivo
ESCASA SEGURIDAD,negativo
Buena relación calidad · precio,positivo
"Tiene una ubicación excelente , a escasos 5 minutos andando de la estación de Termini , a la cual llegan diferentes trenes y autobuses desde los dos aeropuertos de la ciudad .",positivo
"La estancia en el Hotel Las Arenas fue perfecta para ir a pasarlo bien con los amigos y que los niños tambien lo pasaran bien , tanto saliendo a la playa como con el servicio que hay para atender a lo",positivo
Está frente a la terminal 3 del aeropuerto y tiene un servicio de shuttle gratuito cada media hora .,positivo
Decepción,negativo
Algo maravilloso !,positivo
"Muy buen hotel , completamente recomendable .",positivo
"El hotel esta situado en lo mejor de gran via , cerca de teatros , cines , tiendas , restaurantes y esta a un paso de sol , de la plaza mayor y si no tienes una entrada de metro nada mas salir de la p",positivo
En nuestros próximos viajes a Madrid volveremos a utilizar este hotel que ya conocíamos de ocasiones anteriores .,positivo
Muy recomendable,positivo
Hotel bueno,positivo
Me encantó,positivo
La TV es grande y dispone de muchos canales .,positivo
Personal cercano y eficaz,positivo
Sólo tengo que decir una cosa : ¡ Las mejores vacaciones que jamás he pasado !,positivo
"Los espacios comunes son dignos de mencionar , como en todos los hoteles playa .",positivo
"El hotel , en términos generales , no estaba tan mal ; total , para el mínimo tiempo que pasabamos allí ... Buscabamos uno más o menos céntrico y cerca del metro y bueno , eso sí lo cumplía .",positivo
"En la habitacion no habia ruidos por las noches , silencio absoluto , y eso que era un primero , lo agradecimos mucho despues de volver matados de recorrer la ciudad .",positivo
"El desayuno muy por encima de la media en hoteles de ese precio y en esas ciudades , muy variado y abundante , una pena bajar a desayunar con poco tiempo .",positivo
"El Hotel en sí no esta nada mal , buen trato buenas estancias y buena comida .",positivo
Las comodidades de las habitaciones y hotel desastrosas .,negativo
Muy cerca de Sarlat y del Valle Dordoña es perfecto para visitar la zona .,positivo
Mas que un hotel de cinco estrellas el palladium merece seis estrellas .,positivo
"Estuvimos 5 dias muy buenos , el desayuno era variado y abundante , muy cerca de estacion de metro y del Camp Nou .",positivo
El hotel dispone de un servicio de traslado gratuito a pedido .,positivo
La comida presenta mucha variedad y tiene algunos restaurantes temáticos a parte del buffet .,positivo
Los menus del bar · restaurante son muy buenos y estan muy bien de precio .,positivo
"Como cliente Privilege tienes una sala con todo tipo de bebidas ( incluso alcoholicas ) , bollería variada y frutos secos .",positivo
Repetiremos si podemos .. Muy buen trato .,positivo
Vacaciones Geniales,positivo
"Tenía claro que la ubicación es muy buena con acceso andando al centro de Madrid , pero pensaba que sería agobiante el lugar donde está ubicado y por lo tanto con falta de tranquilidad o silencio .",positivo
Si vas en este plan el hotel ofrece diversas actividades de animacion tanto para adultos como para niños .,positivo
"Comprende un saloncito , un baño grande y un habitación muy grande .",positivo
"La habitación perfectamente insonorizada , con minibar gratuito ( 4 botellas de agua y 2 de Pepsi ) , televisión plana , minicadena , plancha y tabla de panchar , sobres de café y té con cápsulas de l",positivo
Es un lugar donde podemos recomendar para pasar unos dias de placer y alegria . ·,positivo
"Para los niños genial , muchos arboles , espacio natural , entrada directa a la playa .",positivo
El hotel está muy bien .,positivo
Las afueras del hotel son unas vistas muy buenas a la playa .,positivo
"el hotel esta muy bien.buena relaccion calidad precio.centrico.buen desayuno y buenas habitaciones.disponen de servicio de transporte al aeropuerto.situado junto a plaza cavour , zona desde la que se ",positivo
"Una vez mas me he alojado en este hotel , he observado algunos cambios positivos , como que ahora tienen televisores de pantalla plana .",positivo
Hotel normalito,negativo
"Todo muy Limpio , Muy amables y el desayuno estaba muy bien .",positivo
Algo a observar es que el hotel debería contar con personal que organicen el uso de las reposeras sino la gente reserva con sus toallas los lugares y no permiten que alguien las utilicé en los momento,negativo
En pleno centro de la ciudad con unas instalaciones inmejorables .,positivo
El personal es muy amable y atento con los clientes .,positivo
"Bien ubicado , entre la estación y los principales monumentos de Pisa .",positivo
"El personal amable y eficiente , con ganas de ayudar. muchos detalles en la habitacion ( cafetera , minibar gratito etc. ) .",positivo
Genial,positivo
Hotel perfecto en Barcelona,positivo
Aceptable,positivo
Mala estancia,negativo
"Al ser valencia no es muy dificil encontrar donde tomar algo , a menos de 100 metros de la estancia hay algo donde elegir .",positivo
Hay muchísima variedad y todos los platos muy ricos .,positivo
"La habitacion perfectamente insonorizada , con minibar gratuito ( sin alcohol ) , tv plana , plancha ...",positivo
"La estancia en el hotel fue muy buena , la atención , limpieza , en realidad te hacen sentir muy bien y se preocupan que estes tranquilo siempre .",positivo
El hotel es estupendo .,positivo
A la llegada se nos atendió mal .,negativo
Además fueron muy atentos en recepción facilitándonos el LATE check out ya que nuestro vuelo salía a última hora de la tarde y poder dormir una siesta antes se agradece mucho .,positivo
"Pasamos la noche del 20 de agosto del 2012 en este hotel , lo elegimos por su cercania al estadio de futbol del barca , en cuanto a la localizacion estupenda , el personal del hotel encantador y educa",positivo
"Muy tranquilo , se respeta el silencio fuera de horarios de animación .",positivo
Laberíntico,negativo
"Te brindan toallas en ambos sectores , pileta y playa .",positivo
"Situado en el centro de Madrid , a 5 minutos andando de la Puerta del Sol y en plena Gran Vía .",positivo
Volveré de nuevo cuando vaya a Sevilla,positivo
Un hótel bonito y tranquilo con un servicio muy amable .,positivo
La cercanía del transporte público · autobus y metro a la puerta del hotel · es uno de los factores a destacar junto a la calidad del servicio .,positivo
Ademas como gran aditivo tienen un pequeño SPA gratis ( te dejan las zapatillas y albornoz sin coste en la habitación ) y admiten perros de compañia .,positivo
"Aunque vivo en Barcelona , el pasado julio quise pasar unos días de relax en el Senator Barcelona Spa Hotel , y realmente fue una buena elección .",positivo
"Muchas garcias , nos han hecho pasar un buen fin de semana .",positivo
"Para llegar desde el aeropuerto , la parada Tirso de Molina que conecta con la línea del aeropuerto está muy cerca , y a unos 15min caminando está la estación de Atocha .",positivo
Esperaba más de Marriott,negativo
Lo demás para repetir .,positivo
Un hótel bonito y tranquilo en Paris,positivo
"Fue un fin de semana de promocion , aunque despues de la estacia , creo que aunque se diga que es un hotel de cuatro estrellas , no es de los mas significativos de esta categoria .",negativo
"La atención , ha sido magnífica .",positivo
Obsequio de botella de champagne a la llegada .,positivo
El hotel es muy bonito y esta situado en una zona preciosa de cocoteros en la playa de uvero alto .,positivo
"Nuestra estancia allí fue más que agradable , nos sentimos como en casa , como en familia .",positivo
"El hotel esta situado cerca del metro lo que facilita la movilidad , y además es posible aparcar el coche cerca del hotel sin ser zona controlada por el ayuntamiento .",positivo
El servicio es bastante bueno ya que se preocupan de que tu estancia sea agradable .,positivo
Perfecta ubicación !,positivo
"Las camas malísimas , se movían y hacían mucho ruido , colchones muy malos y las almohadas tan finas como el papel .",negativo
Me gustó mucho el hotel .,positivo
Recomiendo al 100 % este hotel a todo el mundo .,positivo
"Bajo mi punto de vista , estos apartamentos están genial y son perfectos si lo que se desea es pasar unos días de relax con tu pareja , pudiendo disfrutar de privacidad , tranquilidad , y buena compañ",positivo
El personal se acordaba de nosotros y el trato ha sido más que excelente .,positivo
"El bufet del desayuno es simplemente impresionante , puedes encontrar de todo , literalmente .",positivo
"Las instalaciones , el personal , el servicio de playa y la gastronomia resultaron excelentes .",positivo
que el hotel es muy bueno tiene unas vistas preciosas te trata muy bien el restaurante esta bien la comida te la hacen como tu quieras sin ninguna queja este hotel es muy recomendable si quiereis hace,positivo
7 dias que lo pasamos de total relax .,positivo
"Estuvimos 4 días por la Toscana y Borgo Grondaie , mi mujer y yo y salimos encantados de la estancia .",positivo
La atencion ha sido de calidad y el restaurante del hotel sirven una comida muy rica .,positivo
Unico punto negativo el ruido que las ventanas de madera tan típicas de la zona no consiguen aislar totalmente,negativo
"Fines de semana agosto y septiembre , muy mal",negativo
Vale la pena pasar para relajarse .,positivo
Dias placenteros,positivo
Tanto el spa como el masaje resultaron muy relajantes y reconfortantes .,positivo
Excelente Fin de Semana,positivo
"Excelentes instalaciones y sobre todo el personal con gran vocación de servicio , son correctìsimos y muy atentos .",positivo
El hotel de mis sueños,positivo
el personal muy amable y gran variedad de actividades para todas las edades .,positivo
Muy descontento con la piscina y zona solarium,negativo
"Lo recomendaria a los amigos , para parejas , familias , etc. La jaima sería un lugar curioso para una luna de miel o escapada romántica distinta .",positivo
El minibar con agua y pepsicolas y café e infusión estaban incluidos .,positivo
Robos en las habitaciones del hotel,negativo
El wifi no llega a las habitaciones .,negativo
Posee variedad de restaurantes en la zona para cenar o tomar algo .,positivo
"El desayuno esta muy bien , en el nivel del hotel .",positivo
Muy bueno,positivo
"el hotel es una maravilla. cuenta con cocina y frigorifico gratis , con lo que no es necesario gastarse dinero en el hotel .",positivo
Confort y muy buena localización,positivo
A solo 4 · 5 paradas de metro de la estación de trenes .,positivo
"Zumo natural recien exprimido , revuelto , bacon , etc ... todo riquísimo .",positivo
Una buena opción de alojamiento para ir a Disney,positivo
NI OS ACERQUÉIS,negativo
"Si que hay que caminar de cuesta arriba , pero es muy poquito rato y la cuesta no es nada pronunciada , de hecho , Calella es una colina , asi que no se porque se quejan algunos !",positivo
Sencillamente perfecto .,positivo
"El Hotel lo tienes en primera linea de playa , las habitaciones son amplias , cómodas y limpias y la organización de piscina , bar y zonas comunes es muy práctica.Hay dos jacuzzis en un solárium con b",positivo
Bastante bueno para como me lo pintaron,positivo
Excelente .,positivo
"Tienes acceso al transporte público de la ciudad ( buses , Metrorail y Metromover ) .",positivo
El hotel esta situado a unas cuatro manzanas de la estación de Arc de Triomf y a unas tres de la parada de Marina .,positivo
Estuvimos en habitación vista mar ... levantarse todos los días y ver el mar para mi no tiene precio .,positivo
Buen hotel y spa,positivo
Si volvemos por Madrid no dudaremos en volver a alojarnos allí .,positivo
Limpio,positivo
Insufrible .,negativo
El precio fue una buena oferta,positivo
Buen hotel de ciudad,positivo
Volveré,positivo
"Sobretodo por el trato del personal , el estado de los sanitarios ( mientras te duchas te saludan las hormigas ) y los bungalow de plástico , con lo que el calor de las 8 de la mañana te hace levantar",negativo
"Lo único a mejorar en nuestra opinión sería que el niño para ser gratis debe compartir cama y las camas no son tan grandes como en otros hoteles de playa hoteles , ya que eran de 1,05 .",negativo
"El hotel está muy bien ubicado , con comunicación para ir al centro de la ciudad y , a la vez , en una zona con un ambiente poco ruidoso .",positivo
"Los apartamentos super limpios y con una decoracion muy acertada , te sientes como en casa .",positivo
"Las camas son duras e incomodas , la limpieza de la habitación da mucho que desear , salpicaduras en la pared , pelos en la mesilla y la cama ... La television satelite de chiste , se debio caer el sa",negativo
Este hotel era la gran desilusión de nuestro viaje,negativo
El desayuno no estaba mal .,positivo
"La habitación doble en la cual nos quedamos era bastante cómoda , amplia y ordenada .",positivo
Simplente increible .,positivo
El SPA es genial .,positivo
A los clientes del Club PlayaVip les facilitan gratuitamente una sesión de Spa por persona .,positivo
"Tienen un mas que interesante desayuno buffet , con gran variedad .",positivo
Excelente estancia,positivo
Perfecto Campamento base para visitar La Toscana,positivo
En resumen hemos quedado muy contentos .,positivo
"El desayuno , self service que se hacía fuera del hotel pero en la misma calle ( nadie nos informó del lugar al llegar , tuvimos que buscarlo ) era exiguo : café malo , tostadas , algo de zumo y merme",negativo
"Inmejorable situacion en la Toscana , muy proximo a Pisa ( 30Km ) .",positivo
Perfecto para reiniciarse,positivo
"Es sumamente recomendable para cualquier tipo de origen de viaje ( negocios , recreación , vacaciones , etc )",positivo
"Que personal mas mal educado , poco servicial y orientado al cliente extrajero , parece que todos estamos obligados a entenderlos a ellos.aparte con lo cariiiiiisimo que es ni querías un cepillo de di",negativo
Si buscas donde dormir tranquilo es un buen lugar .,positivo
Viajamos una semana en familia ( niños de 3 y 5 años ) Fueron vacaciones para descansar y disfrutar .,positivo
Cómodo,positivo
"La experiencia fue muy buena , disfrutamos de una moderna habitación , con todo lo necesario para un hotel de esta categoría .",positivo
Las instalaciones están muy bien y las vistas son geniales .,positivo
El equipamiento de las habitaciones súper completo .,positivo
"De hecho , ni te suben las maletas a la habitación cuando haces el check · in .",negativo
"El servicio de desayuno muy completo , con mucha variedad de bolleria y de zumos naturales .",positivo
"La ubicación es estupenda , un entorno precioso .",positivo
"Hotel de ensueños , un paraíso en el paraíso mismo",positivo
"Los balnearios son lo mejor del hote , sin olvidarnos del servicio de habitaciones .",positivo
Las habitaciones son muy inferiores a un hotel de esta categoría y tienen muchos desperfectos .,negativo
"Estuvimos 4 días y salimos muy contentos , el servicio de almuerzo ( muy completo ) , las habitaciones amplias y limpias , los empleados muy amables , en definitiva , es un hotel que tenemos de refere",positivo
"El hotel está genial , sobre todo en la temporada de verano ya que puedes disfrutar de una terraza con jacuzzi en la azotea del hotel y disfrutar de unas impresionantes vistas desde lo alto .",positivo
"Es un hotel pequeño a precio de los grandes complejos hoteleros de la riviera maya como el Iberostar , Bahia Principe , Barcelo , Grand Palladium , etc , que son muy superiores y mucho mejores que el ",negativo
El desayuno es bastante pobre .,negativo
Excelente,positivo
"Excelente , el hotel y el trato es muy bueno",positivo
"Alrededor hay bastantes comercios y supermercados , p.ej. para comprar productos básicos ( agua , etc. ) , así como lugares para desayunar .",positivo
En fin un excenete lugar para pasar las vacaciones .,positivo
"Lo recomiendo a todo el mundo porque nos trataron muy bien , el personal fue muy cercano y atento , desde la recepción hasta el restaurante y el bar , todos un diez .",positivo
"La clientela es variopinta , pero está bien .",positivo
Muy recomemdado .,positivo
Lo mejor de este hotel sin duda es el servicio al cliente !!,positivo
"Viajamos en Noviembre , excelentes vacaciones .",positivo
"todo está decorado con un gusto exquisito , y tiene todo lo que se pueda necesitar Las fotos que aparecen en la web , muestran claramente y exactamente tal y como son los apartamentos .",positivo
Un hotel para un fin de semana con agradable ambiente y cercano a Madrid a un tiro del cercanías para evitar el tráfico de la ciudad .,positivo
"El personal , párrafo aparte , magnifico siempre dispuesto !",positivo
"Pero hay q tener en cuenta que para poder dormir hay que llevar tapones de oído ( o mejor ser sordo directamente ) ya que muchas habitaciones , entre ellas la mía , dan a La Rambla donde hay micho mov",negativo
"como todos los hoteles de la cadena senator , todo un lujo alojarse en ellos .. todo son atenciones y las habitaciones son comodisimas . con cafetera plancha y todo lo que uno pueda necesitar .. son m",positivo
"Es un hotel situado en plena Gran Vía , muy cerca de la Puerta del Sol , y es ideal para conocer la ciudad .",positivo
"Como detalle mio personal , me enloquecen los desayunos del hotel , hacen los croissants mas tiernos y ricos que he probado .",positivo
Además el entorno no es el mas adecuado para salir de noche .,negativo
"Está al lado de un centro comercial con supermercado , tiendas , pastelerías , ...",positivo
Merece la pena ir a este hotel,positivo
Yo no volvere a esta cadena de hoteles .,negativo
"Es evidente la falta de mantenimiento ( corrosión , chapas dañadas ) y el escaso aseo que hacen durante el día , el olor es espantoso .",negativo
Yo se lo recomiento a todo aquel que quiera ir a conocer sevilla .,positivo
"Por la noche el hotel tiene recepción 24 horas y bloquea la puerta de acceso a este dandote la seguridad que solo acceden a él huéspedes del hotel , me gustó eso .",positivo
"Cuenta con un estupendo jacuzzi y solarium en la azotea , con maravillosas vistas de Madrid .",positivo
Muy buen hotel en el centro de Madrid,positivo
El baño y la ducha están bien,positivo
No esperes gran cosa,negativo
Ideal para escapadas urbanas .,positivo
Finalmente la atención del personal y en recepción es magnífica .,positivo
La recepción bien y la gente amable,positivo
"en agosto y septiembre los fines de semana llegan 3000 ......... "" personas "" que dejan que desear ( mejor no comento ) destroyers en general",negativo
"Disfrutarlo con la pareja ha sido ideal , todo perfecto .",positivo
Tienen mui buen trato con los clientes y te atienden bien. las habitaciones no estan mal y se duerme bien .,positivo
Hemos vuelto a repetir la estancia en este hotel porque me encanta su situacion,positivo
Hotel muy bien enclavado,positivo
"Bonito , atencion de lujo y desayunos deliciosos !",positivo
El servicio de animación y piscina bien .,positivo
"En las habitaciones tienes todo tipo de detalles como una cafetera con sus cápsulas , un despertador con altavoz para poner tu smartphone , etc. Además cuando te levantas para desayunar y vuelves , la",positivo
El personal del hotel fue muy amable en todo momento .,positivo
Calidad / precio no se puede pedir más .,positivo
"Destacar también los desayunos , con embutido y pan de la zona , así como tartas y pasteles caseros muy ricos .",positivo
Todo en un mismo lugar,positivo
"Siendo la tercera vez que había ido , no me encontraban en la base de datos .",negativo
"La primavera es espectacular , ideal para el senderismo , paseos por la finca y la zona ( por ejemplo : el precioso jardín de lirios ) .",positivo
Tiene una limpieza impecable .,positivo
El baño es correcto .,positivo
El desayuno también se sirve durante escaso tiempo : de 6 a 9:30,negativo
Hotel tranquilo,positivo
A nosotros nos cobraron de mas del precio acordado.Y sobre todo en la habitaciones HAY PULGAS .,negativo
"La infraestructura simplemente es bellisima , pareciera que estuvieras dentro de un pequeño y hermoso pueblo , cuenta con una plazuela en la que a partir de las 6 de la tarde se llena de vida con sus ",positivo
"Fuí con el conocimiento de que es un hotel de 4 estrellas y por ello sabia que seria un buen hotel y claramente así ha sido , el servicio es muy cordial , agradable y respetable .",positivo
Nada del otro mundo .,negativo
Escaleras estrechas y con más pendiente que el himalaya .,negativo
Recomendable para quien quiera desconectar del ritmo frenético de la ciudad .,positivo
"Un lugar para olvidarse del stress y disfrutar del paisaje , el silencio , el aire libre y de muchas posibilidades ( además , a pocos kilometros tenemos la playa ) .",positivo
Antiguo como Roma !,negativo
"Segunda estancia y , sin pensarlo , si volvemos a Madrid , volveremos a repetir .",positivo
"Está en una zona muy alejada del centro de Barcelona , las conexiones con el metro también están muy lejanas , y en la zona no hay absoultamente nada para la recreación .",negativo
Y tampoco deben olvidar las máscaras para tapar los ojos ya que las persianas no cierran debido al gran aire acondicionado que hay en el balcón .,negativo
"Nos sentimos muy bien atendidos , el hotel es cómodo para viajar en familia .",positivo
El espacio en la habitación era adecuado .,positivo
La atencion un desastre,negativo
"Poca limpieza , ruidoso .",negativo
"Un buen sitio tranquilo y apartado de la ciudad , la comida es genial y las habitaciones tambien , tiene cerca una linea de autobuses para poder ir a los lugares cercanos y los empleados son muy amabl",positivo
Además de un precio asequible y acorde con las características que ofrecen .,positivo
"Es apto para bebes , ya que cuenta con un cuarto con todos los servicios que se pueden necesitar .",positivo
"El tamaño de la habitación y el baño es grande , limpia y la cama confortable .",positivo
A un par de minutos andando ( al lado de la estación de autobuses ) hay un Lidl por si necesita comprar algo de última hora .,positivo
Las habitaciones son amplias y comfortables pues no se oye ningún ruido de la gran vía .,positivo
"Regular , podría mejorar .",negativo
Lo que mas me ha gustado ha sido el buffet tanto del desayuno como de la cena .,positivo
"quede impresinado por este hotel , las habitaciones tienen excelente confor , buen aire , me senti como en mi casa , porque no te ponen brasaletes , como lo hacen otros hoteles , hay diversos restaura",positivo
El colchón también era súper cómodo .,positivo
Muy bonito,positivo
Por contra la chica de recepción fue extremadamente educada y atenta .,positivo
Excelente eleccion de viaje !,positivo
Muy céntrico .,positivo
Deja mucho que desear para sus estrellas,negativo
Nuestra estancia en el Hotel Las Arenas Balneario Resort ha sido cuanto menos expectacular .,positivo
La primera en una habitacion estandar que me parecio realmente acogedora con un baño enorme de marmol .,positivo
"Lo malo , que se han querido subir mucho "" a la parra "" y ahora los precios son de hotel de 4 o 5 estrellas que no son ...",negativo
"mi estancia la califico como excelente , me trataron muy bien durante la semana que estuve allí .",positivo
"Los sanitarios son compartidos hombres y mujeres pero todo a puerta cerrada , incluso los lavabos individuales .",positivo
"Me pareció un gran hotel , teniendo en cuento los servicios prestados , moveros andando no está mal y haciendo buen tiempo resultará muy agradable para pasear con el niño , por lo que he visto en la p",positivo
Malisimo,negativo
"Las habitaciones geniales con dos camas grandes , nuevas y con minibar gratuito .",positivo
"La habitación está anexa a la casa , con salida independiente al jardín y a la piscina .",positivo
Nos encantaría volver !,positivo
En esta ocasión no hemos utilizado el servicio de restaurante pero el desayuno sí lo hemos hecho en la cafetería del hotel y nos ha sorprendido la excelente relación calidad · precio .,positivo
La habitación estaba bien limpia y tenía un buen baño .,positivo
"stuvimos en este hotel porque tenia un buen precio y estaba bien situado para ir a Oberursel , donde se hacian los conciertos del Hessentag 2011 .",positivo
He estado en 5 diferentes hoteles en Punta Cana y este lo recomiendo al 100 % .,positivo
En plena gran via !,positivo
La situación es excelente y las comunicaciones muy buenas .,positivo
Ni que decir tiene que la ubicación del hotel es ideal si vas a la zona de los teatros .,positivo
Habitaciones súper amplias y comodas .,positivo
"Disfrutamos del Spa que esta muy bien , el desayuno también es correcto .",positivo
Recomendable y barato,positivo
"Increible , por su ubicacon y por sus instalaciones .",positivo
Muy acojedor,positivo
"Por el precio de la habitación es justo el servicio recibido , ya que el hospedaje en Amsterdam es en general bastante caro en comparación a otras ciudades europeas .",positivo
A 5 minutos andando desde la estación de tren / parada autobuses interurbanos .,positivo
"El personal muy amable , nos permitieron hacer late checkout ya que no había reserva de la habitación sin cargo extra ; también guardan las maletas después del checkout si uno lo pide .",positivo
"Volveré sin duda , a ver si me quito esa espinita .",positivo
Sorprendente elección,positivo
Sitio de relax y bienestar,positivo
"Se encuentra a menos de una cuadra del metro , 10 minutos caminando a la fontana di Trevi y 15 minutos al coliseo .",positivo
"El apartamento era grande , con una cama de matrimonio y un sofá cama , una cocina equipada completa y un amplio baño con bañera .",positivo
"Muy cerca también de la Estació del Nord , el Arco del Triunfo y el parc de la Ciudadela .",positivo
Estancia decepcionante,negativo
"Las habitaciones eran confortables , las camas ni grandes ni muy pequeñas , y el cuarto de baño muy limpio .",positivo
Al lado del famoso cementerio Père · Lachaise .,positivo
Es un buen sitio,positivo
"La espera para entrar a cenar , siendo un 8 de diciembre , mal , se armó muchísima cola siendo las 20:30 h y tuvimos que esperar un buen rato para poder entrar .",negativo
Se rompió el mando del grifo y aún estamos esperando a que vengan a arreglarlo .,negativo
Calidad para persona no exigentes,positivo
La ducha .. sin comentarios ... no te podías ni agachar porque era enana .,negativo
"El bar para tomar lo que quieras en cualquier momento genial , con sus sillones , su terraza al lado de la piscina ... una maravilla .",positivo
"La ubicación privilegiada , a la entrada de la plaza del duomo , visitamos por la noche y por el día a la hora que quisimos la torre de pisa , baptisterio , catedral .... es un sitio muy bonito .",positivo
No estoy conforme completamente .,negativo
La calidad del desayuno es muy buena .,positivo
Personalmente adoro las alhomadas duspués de un duro día de trabajo y si es posible hacer el Spa ya el día es redondo .,positivo
Nosotros estuvimos muy bien pues todo esta limpio y muy tranquilo .,positivo
Situado en primera línea de una paradisiaca playa en la urbanización de Nusa Dua .,positivo
Hotel muy bien situado para conocer Madrid .,positivo
"Siempre que viajamos a Madrid nos alojamos en este hotel , la ubicación es inmejorable .",positivo
"Hotel con diseño moderno , muy céntrico .",positivo
"El desayuno es buenisimo , pan casero , bollería , huevos , jamón , quesao , mermeladas caseras , miel , etc ... Sin duda una relación calidad precio excepcional",positivo
y halcon y travelplan mucho menos .,negativo
Pero había autobuses delante del hotel y parada de taxis .,positivo
Vistas sobre el canal tal y como pedimos en la reserva .,positivo
"El trato con el personal del hotel bastante bueno , luego una vez que pagas ... ya no tanto .",positivo
"El hotel encantador , en el centor de la Gran Vía Madrileña , todo un lujo .",positivo
Bonito hotel en Madrid,positivo
"Un hotel que cuida el servicio , perfecto para conocer madrid , buena ubicacion .",positivo
"Lo mejor de todo la situación , con varios teatros cerca , bares etc ...",positivo
"Perfecto para la estancia en Roma , cerca de la estación de Termini , con todas las posibilidades que eso ofrece , buen desayuno y gente muy amable , muy recomendado !!",positivo
"Las instalaciones bastante bien : habitación amplia , luminosa con vistas a la rotonda gigante donde se encuentra enclavado .",positivo
"el hotel me decepciono bastante para lo que es la cadena y el resto de hoteles que tiene , por lo menos los de la playa .",negativo
"Las habitaciones perfectas , muy calentitas y con todas las comodidades , con cafetera , equipo de música , almohadas a elegir .",positivo
Lo recomiendo para ejecutivos,positivo
Fantastico hotel,positivo
El servicio y la atencio perfecto,positivo
Su cercanía con la Ciudad de las artes y las Ciencias nos ha facilitado mucho la estancia .,positivo
El mejor hotel en Madrid,positivo
"La distancia a la playa son 8 km , no es un hotel de playa , hay que hacer los desplazamientos en coche ( desconozco si había facilidad de transporte público en las cercanías , aunque vimos bastante a",negativo
"Las cenas con muchisima variedad , había mucha cantidad y calidad .",positivo
"A pesar de esto último , lo recomiendo .",positivo
"Nos trataron como en casa , muy amables ante cualquier duda o necesidad .",positivo
El servicio y la comida son buenos en general .,positivo
esvaba muy bien el hotel todo bien servido las camas la comiga me ha encantado los banos bien limpios como te atiende y todo mas para pasar una semana con los amigos em madrid me ha gustado muchisimo,positivo
Buena relacion calidad · precio si lo que buscas es simplemente pasar una noche en Valencia .,positivo
"Se nota algo de falta de mantenimiento , sobre todo en el Spá y en los jacuzzi de la terraza .",negativo
Bastante sencillito .,negativo
Esta bastante bien para pasar las vacaciones la verdad .,positivo
Decoración vanguardista,positivo
"Muy buen hotel , merece la pena visitarlo",positivo
Hotel recomendable,positivo
"Cobraban por todo ( Aire acondicionado , wifi ) .",negativo
"la verdad pasamos unos dias divinos , el hotel es genial , los chicos la pasaron babaro y mi marido feliz con el gimnasio y el spa , y yo con un libro en la playa , en este hotel espacio y actividades",positivo
Muy de agradecer .,positivo
"En general , es absolutamente recomendable !",positivo
"En el centro de Madrid , la habitación fue espaciosa y limpia , hotel moderno y buen trato. me alojé en unu viaje de negocios y todo fue muy bien. llegué muy temprano ( a las 10 a.m. ) y ya tenían pre",positivo
Realmente excelente,positivo
"Lo malo la ducha , sin plato .",negativo
"Así que fuimos flechados , y por unos 35 euros por cabeza dormimos estupendamente , y pudimos conocer a la perfección los misterios de la cercana ( 0,5 Km .",positivo
"El hotel se encuentra en pleno centro de florencia y cerca de la estacion central de florencia , por lo que la situacion es ideal , esta a 30 segundos andando del duomo .",positivo
Las habitaciones y el baño normal y con todas las comodidades .,positivo
"Es un hotel situado cerca del Camp Nou , cerca hay varios bares para desyunar y el bar casa Mario donde se come bastante bien .",positivo
"En concreto , la selección del tipo de habitación ( cama , conexión wifi ) no es posible .",negativo
"todo correcto tal y como esperabamos , gran variedad de restaurantes tematicos y comodidad para desplazarte por todo el hotel , limpieza y mantenimiento adecuado .",positivo
"Muy buen hotel , habitaciones muy cómodas .",positivo
"Tambien te cogen el telefono a cualquier hora si llamas desde la habitación hacia la recepción y te atendienden con mucho respeto , saber estar y con educación .",positivo
"Situado en el corazon de la ciudad , es mi eleccion siempre que viajo a madrid .",positivo
"Pero a partir de aqui , todo lo demas era normalito",negativo
Muy céntrico,positivo
Un hotel con muy buena recepción y servicios,positivo
El hotel como todos los de la cadena esta habilitado para minusvalidos .,positivo
"Creo que la capacidad del restaurante es muy pequeña y si a 8 de diciembre ( que tampoco había tanta gente ) está así , no me quiero ni imaginar como estaría en pleno verano ..",negativo
"La mejor atención del personal , rodeado de hermosos jardines y gran variedad de comidas y restaurantes .",positivo
Totalmente recomendable .,positivo
"El hotel está bastante cerca del centro , en el barrio de Clarence Dock ( Muy cerca del rio ) .",positivo
"Entre el baño y el dormitorio hay una pared de cristal .... muy buen detalle si viajas en pareja , si no no pasa nada , hay una persiana .",positivo
Muy buen hotel .,positivo
La decoracion tipica de un Ibis .,negativo
Buen hotel y gran ciudad,positivo
"estuve con una estancia que incluia solo desayuno , asi que en mi parecer el desayuno que ponen no esta mal del todo .",positivo
"El Lounge bar y el bar de la piscina chill out está cerrado , no hay servicio .",negativo
Supero mis expectativas de comodidad y tranquilida,positivo
Sí que lo recomendaría .,positivo
En general todo muy bien en cuanto a los trabajadores .,positivo
nos hemos sentido bien atendidos por todo el personal y las instalaciones estaban en perfecto estado acorde a,positivo
Un hotel de ensueño,positivo
"Además de las instalaciones , limpieza , habitaciones , jardines ... destaco , especialmente , la comida , la atención del personal y el trato del Director .",positivo
El servicio esta muy completo y estoy muy contento con las instalaciones .,positivo
Está perfectamente ubicado en el centro de Madrid .,positivo
"Al llegar a Mequines nos encantó la localización de este hotel de 3 estrellas , con cuyo sello ya habíamos tenido gratas experiencias en el pasado en otros sitios ( la marca Ibis ) .",positivo
"Las habitaciones son muy comodas , los servicios y atencion al cliente son de buenisima calidad , muy atentos a la hora de servir por si falta algo o necesitamos algo , buen recibimiento , en fin como",positivo
"Nuestra habitación , y creo que la gran mayoría del hotel , tenía un balcón que daba al jardín y terraza interiores del hotel .",positivo
En este sentido deja mucho que desear .,negativo
El tranvia está delante mismo del hotel y la estación de tren a cinco minutos andando ( Hackerbrücke ),positivo
"En la zona tienes varios restaurantes , todos los servicios y bien comunicado .",positivo
"Además , la zona es bastante tranquila",positivo
"Muy bien ubicado para ver el musical "" El Rey León "" .",positivo
Fantástico,positivo
"Mi experiéncia en este hotel fue muy buena , el trato muy bueno , el desayuno incluido ( importante ) muy acogedor todo .",positivo
"ideal para visitar Madrid muy céntrico y con parada de metro en la puerta , frente al teatro donde hacen el rey león y con un par de jacuzzi en la azotea donde relajarse después de un dia andando por ",positivo
La piscina necesitaba pintura y mychos restaurantes cerrados por días .,negativo
La limpieza es excelente .,positivo
Alojamiento muy recomendable en plena Dordogne,positivo
"Hemos pasado desde un viernes al domingo con mis dos hijos y la estancia muy tranquila , amena y esta pegado a un centro comercial con cines y restaurantes .",positivo
Ubicación inmejorable,positivo
Minibar gratuido,positivo
"El seguro del coche pagó este hotel. todo estuvo muy bien , estuvimos perfectamente atendidos hasta que repararon nuestro automovil .",positivo
Nos pusieron cama supletoria junto a la cama grande .,positivo
Cómodos apartamentos,positivo
"En el interior se puede ver cada planta del hotel diseñada por un diseñador famoso , como son Zaha Hadid , Javier Mariscal , Victorio y Lucchino ... incluso los restaurantes o pubs son agradables .",positivo
"Desde mi terraza se veía la piscina , unas vistas espectaculares .",positivo
Me divertí mucho,positivo
"Os lo recomiendo ya que está muy centrico , instalaciones perfectas incluso su cafeteria perfecta .",positivo
Peor que una pensión de las malas .,negativo
"Se trata de un hotel pequeño , de diseño , en el que se cuidan todos los detalles con una excelente relación calidad · precio .",positivo
Lo vi demasiado sencillo para un Mercure .,negativo
"Para el precio que nos costo no estaba nada mal , esta claro que sabes doonde vas y la calidad que hay algunos de estos sitios , no obstante lo recomiendo para pasar unos dias de relax con la pareja o",positivo
"Por eso , quizás sea un poco caro en relación a las comodidades de la habitación ( 96 euros / noche ) .",negativo
"Lo mejor de este hotel es su situación , privilegiada , en la mejor zona de la Gran Vía , junto a los principales teatros de la Gran Vía , con acceso andando a las principales visitas en Madrid .",positivo
Nunca más,negativo
